Close,predicoes,variacao_percentual_acao,variacao_percentual_modelo,var_acao_maior_menor_que_zero,var_modelo_maior_menor_que_zero,acertou_o_lado,variacao_percentual_acao_abs
27.21790885925293,24.709787,0.0282685484359102,0.55148673,True,True,True,0.0282685484359102
26.00198745727539,27.415007,-0.0446735790124515,0.109479666,False,True,False,0.0446735790124515
25.908456802368164,25.767561,-0.0035970579195497843,-0.060092866,False,False,True,0.0035970579195497843
26.095521926879883,25.31267,0.00722023414743167,-0.017653644,True,False,False,0.00722023414743167
28.714426040649414,25.62684,0.10035837263986314,0.012411594,True,True,True,0.10035837263986314
28.15323257446289,28.198994,-0.019543955550150094,0.10036945,False,True,False,0.019543955550150094
26.750246047973633,28.063395,-0.04983394083711268,-0.0048086643,False,False,True,0.04983394083711268
26.095521926879883,26.608183,-0.024475442951798376,-0.05185443,False,False,True,0.024475442951798376
24.41193962097168,25.823294,-0.06451613846335902,-0.02949804,False,False,True,0.06451613846335902
25.25373077392578,24.29596,0.03448276400908923,-0.05914563,True,False,False,0.03448276400908923
25.440793991088867,24.817854,0.007407349782798223,0.02148068,True,True,True,0.007407349782798223
24.1313419342041,25.18245,-0.05147056563342434,0.014690876,False,True,False,0.05147056563342434
25.440793991088867,24.021181,0.05426354077013551,-0.046114206,True,False,False,0.05426354077013551
25.347261428833008,24.891216,-0.003676479684109779,0.036219478,False,True,False,0.003676479684109779
27.404972076416016,25.03538,0.0811807876507844,0.0057917833,True,True,True,0.0811807876507844
31.23979949951172,26.812738,0.13993181282588685,0.0709939,True,True,True,0.13993181282588685
29.556217193603516,30.597567,-0.053892225074444466,0.14115787,False,True,False,0.053892225074444466
30.585073471069336,29.336187,0.034810147412520864,-0.041224837,True,False,False,0.034810147412520864
28.807958602905273,29.947527,-0.05810399212691286,0.020839095,False,True,False,0.05810399212691286
30.772136688232422,28.47932,0.06818178658202667,-0.049025953,True,False,False,0.06818178658202667
28.433828353881836,30.126225,-0.07598784439446415,0.05782807,False,True,False,0.07598784439446415
33.48457336425781,28.260485,0.1776315502617305,-0.061930776,True,False,False,0.1776315502617305
37.78706359863281,32.65697,0.128491714305895,0.15557015,True,True,True,0.128491714305895
38.81591796875,37.286232,0.0272276877887494,0.14175415,True,True,True,0.0272276877887494
37.599998474121094,38.188156,-0.031325279891817104,0.024189234,False,True,False,0.031325279891817104
37.69353103637695,36.958275,0.002487568246052785,-0.03220582,True,False,False,0.002487568246052785
35.355220794677734,37.163517,-0.062034788925520945,0.0055533648,False,True,False,0.062034788925520945
35.72935104370117,35.008415,0.010582036842484044,-0.057989717,True,False,False,0.010582036842484044
38.81591796875,35.303856,0.08638743315750674,0.008439183,True,True,True,0.08638743315750674
42.08955001831055,38.310463,0.08433736005409154,0.08516371,True,True,True,0.08433736005409154
43.77313232421875,41.461594,0.040000007250630576,0.0822525,True,True,True,0.040000007250630576
42.837806701660156,42.92925,-0.021367573506753557,0.035397887,False,True,False,0.021367573506753557
42.276615142822266,42.00845,-0.01310038029599081,-0.021449208,False,False,True,0.01310038029599081
42.183082580566406,41.645596,-0.0022123947704867364,-0.008637667,False,False,True,0.0022123947704867364
39.93830490112305,41.621616,-0.053215117106626963,-0.00057578087,False,False,True,0.053215117106626963
40.87363052368164,39.447025,0.023419261905937683,-0.05224669,True,False,False,0.023419261905937683
39.84477233886719,40.370937,-0.025171685794300735,0.023421645,False,True,False,0.025171685794300735
40.405967712402344,39.33305,0.014084542101592934,-0.025708795,True,False,False,0.014084542101592934
37.412933349609375,39.825077,-0.074074067080796,0.012509227,False,True,False,0.074074067080796
40.125370025634766,36.936043,0.07249997348988169,-0.072543085,True,False,False,0.07249997348988169
40.9671630859375,39.471313,0.02097907283509004,0.06863952,True,True,True,0.02097907283509004
44.80198669433594,40.295727,0.09360725321287355,0.020886421,True,True,True,0.09360725321287355
43.96019744873047,43.89376,-0.018789105299026665,0.08929074,False,True,False,0.018789105299026665
41.80895233154297,42.92646,-0.04893620233840934,-0.022037327,False,False,True,0.04893620233840934
40.59303283691406,41.023384,-0.029082754453800264,-0.0443334,False,False,True,0.029082754453800264
41.71541976928711,40.02,0.027649743168546514,-0.024458826,True,False,False,0.027649743168546514
42.6507453918457,41.098717,0.02242158002320349,0.026954412,True,True,True,0.02242158002320349
41.71541976928711,41.92323,-0.02192987751950093,0.020061731,False,True,False,0.02192987751950093
44.4278564453125,40.964283,0.06502239917581787,-0.022873878,True,False,False,0.06502239917581787
43.024871826171875,43.62257,-0.03157894013787499,0.06489277,False,True,False,0.03157894013787499
43.30546951293945,42.15553,0.006521755320997746,-0.03363031,True,False,False,0.006521755320997746
41.90248489379883,42.53477,-0.03239740002637359,0.008996248,False,True,False,0.03239740002637359
39.09651565551758,41.203777,-0.06696426823833801,-0.031291902,False,False,True,0.06696426823833801
40.4995002746582,38.549255,0.03588515742687748,-0.06442422,True,False,False,0.03588515742687748
37.88059616088867,39.897114,-0.0646650970014131,0.03496456,False,True,False,0.0646650970014131
41.90248489379883,37.346325,0.10617279400324531,-0.06393415,True,False,False,0.10617279400324531
45.924373626708984,41.119514,0.09598210566995169,0.10103238,True,True,True,0.09598210566995169
47.60795593261719,44.952015,0.03665988608996629,0.0932039,True,True,True,0.03665988608996629
47.888553619384766,46.27751,0.0058939242668751834,0.029486895,True,True,True,0.0058939242668751834
50.226863861083984,46.588116,0.04882816591797612,0.0067117214,True,True,True,0.04882816591797612
49.66566848754883,48.99422,-0.011173211512613967,0.05164635,False,True,False,0.011173211512613967
49.75920104980469,48.30341,0.0018832438000770946,-0.014099836,True,False,False,0.0018832438000770946
48.35621643066406,48.648403,-0.028195481228413533,0.007142186,False,True,False,0.028195481228413533
46.017906188964844,47.3505,-0.048355938787146946,-0.026679277,False,False,True,0.048355938787146946
40.87363052368164,45.283382,-0.11178856430710027,-0.043655634,False,False,True,0.11178856430710027
40.87363052368164,40.47473,0.0,-0.106190205,False,False,True,0.0
40.405967712402344,40.51541,-0.011441675361045789,0.0010050535,False,True,False,0.011441675361045789
39.19004821777344,39.902264,-0.030092572049838284,-0.015133679,False,False,True,0.030092572049838284
38.254722595214844,38.605537,-0.02386640652650196,-0.032497585,False,False,True,0.02386640652650196
38.81591796875,37.6482,0.014669963221883409,-0.024797916,True,False,False,0.014669963221883409
38.16119384765625,38.12853,-0.016867413044845625,0.012758374,False,True,False,0.016867413044845625
40.125370025634766,37.47308,0.0514705117932035,-0.017190516,True,False,False,0.0514705117932035
36.57114028930664,39.297127,-0.08857811738701593,0.048676252,False,True,False,0.08857811738701593
39.470645904541016,35.919956,0.07928398163953854,-0.08593935,True,False,False,0.07928398163953854
40.9671630859375,38.600376,0.037914686904688244,0.074622035,True,True,True,0.037914686904688244
41.80895233154297,40.149796,0.020547901836395877,0.040140033,True,True,True,0.020547901836395877
42.6507453918457,40.882397,0.020134277788818045,0.01824665,True,True,True,0.020134277788818045
45.55024719238281,41.717186,0.06798244142976828,0.02041924,True,True,True,0.06798244142976828
45.176116943359375,44.547024,-0.008213572309350714,0.0678339,False,True,False,0.008213572309350714
42.463680267333984,44.07635,-0.060041386014344056,-0.010565758,False,False,True,0.060041386014344056
43.30546951293945,41.63442,0.01982374679504706,-0.05540234,True,False,False,0.01982374679504706
41.80895233154297,42.66104,-0.03455723256733967,0.024658084,False,True,False,0.03455723256733967
37.225868225097656,41.14763,-0.10961968312675419,-0.035475254,False,False,True,0.10961968312675419
32.362186431884766,36.778072,-0.1306532802352156,-0.10619217,False,False,True,0.1306532802352156
33.85870361328125,32.129204,0.04624277115967801,-0.12640327,True,False,False,0.04624277115967801
31.14626693725586,33.195927,-0.08011047047180575,0.03320098,False,True,False,0.08011047047180575
31.707460403442383,30.835524,0.018018000915392074,-0.07110518,True,False,False,0.018018000915392074
29.462684631347656,31.008598,-0.0707964543212366,0.00561285,False,True,False,0.0707964543212366
31.613927841186523,29.03113,0.07301585842418423,-0.063771605,True,False,False,0.07301585842418423
31.23979949951172,30.709492,-0.011834288467862941,0.057812452,False,True,False,0.011834288467862941
31.613927841186523,30.643389,0.011976016097051234,-0.0021525025,True,False,False,0.011976016097051234
33.67163848876953,30.86872,0.06508873740460142,0.007353306,True,True,True,0.06508873740460142
31.98805809020996,32.81255,-0.04999995468355645,0.06297088,False,True,False,0.04999995468355645
31.052734375,31.406803,-0.029239777937511646,-0.042841733,False,False,True,0.029239777937511646
31.426864624023438,30.364527,0.01204822237247627,-0.033186316,True,False,False,0.01204822237247627
31.8945255279541,30.70287,0.01488092781527972,0.011142731,True,True,True,0.01488092781527972
28.995023727416992,31.247204,-0.09090907459952113,0.017729163,False,True,False,0.09090907459952113
30.304475784301758,28.624577,0.04516126867820347,-0.083931565,True,False,False,0.04516126867820347
28.807958602905273,29.50522,-0.0493827113871973,0.030765295,False,True,False,0.0493827113871973
29.18208885192871,28.395172,0.012987044801769043,-0.037622094,True,False,False,0.012987044801769043
27.498506546020508,28.54502,-0.057692316490802975,0.005277157,False,True,False,0.057692316490802975
26.563182830810547,27.100065,-0.034013618653967126,-0.0506202,False,False,True,0.034013618653967126
26.18905258178711,26.040571,-0.014084541427373143,-0.03909564,False,False,True,0.014084541427373143
26.18905258178711,25.62508,0.0,-0.015955508,False,False,True,0.0
26.18905258178711,25.626911,0.0,7.1406364e-05,False,True,False,0.0
24.599002838134766,25.652142,-0.06071429039621412,0.0009845495,False,True,False,0.06071429039621412
24.318405151367188,24.243744,-0.011406872409176705,-0.054903686,False,False,True,0.011406872409176705
22.167163848876953,23.728636,-0.08846144675607115,-0.02124703,False,False,True,0.08846144675607115
24.41193962097168,21.88414,0.10126580862569168,-0.07773292,True,False,False,0.10126580862569168
26.376117706298828,23.46752,0.08045973060001232,0.072352886,True,True,True,0.08045973060001232
24.41193962097168,25.716007,-0.07446805125752398,0.0958128,False,True,False,0.07446805125752398
24.318405151367188,24.242807,-0.0038315050363363357,-0.057287276,False,False,True,0.0038315050363363357
25.066665649414062,23.700056,0.030769307994887418,-0.02238816,True,False,False,0.030769307994887418
24.879600524902344,24.37432,-0.0074627047381585765,0.028449893,False,True,False,0.0074627047381585765
23.570148468017578,24.410175,-0.05263155473795156,0.0014710426,False,True,False,0.05263155473795156
25.16019630432129,23.232723,0.06746023846482152,-0.04823613,True,False,False,0.06746023846482152
25.627859115600586,24.403172,0.018587407094235342,0.050379276,True,True,True,0.018587407094235342
24.22487449645996,25.157654,-0.05474451115140466,0.030917406,False,True,False,0.05474451115140466
23.757211685180664,23.965334,-0.019305066424498363,-0.047393918,False,False,True,0.019305066424498363
23.850744247436523,23.277002,0.003937017672583254,-0.028721988,True,False,False,0.003937017672583254
24.879600524902344,23.324831,0.04313728187230059,0.0020548105,True,True,True,0.04313728187230059
25.814924240112305,24.310562,0.03759400052560258,0.042261004,True,True,True,0.03759400052560258
26.469650268554688,25.332909,0.02536230679403051,0.04205358,True,True,True,0.02536230679403051
28.527360916137695,26.011198,0.0777384901842666,0.026775002,True,True,True,0.0777384901842666
28.34029769897461,27.9019,-0.006557326410704389,0.07268798,False,True,False,0.006557326410704389
29.836814880371094,27.958385,0.052805273864523716,0.0020244122,True,True,True,0.052805273864523716
32.08158874511719,29.232138,0.07523503677407861,0.04555881,True,True,True,0.07523503677407861
36.00994873046875,31.503687,0.12244904753819141,0.07770729,True,True,True,0.12244904753819141
35.448753356933594,35.405457,-0.015584453555756328,0.12385118,False,True,False,0.015584453555756328
33.297508239746094,34.975674,-0.06068605842147978,-0.012138903,False,False,True,0.06068605842147978
35.63581848144531,32.857407,0.07022478153209244,-0.06056398,True,False,False,0.07022478153209244
35.72935104370117,35.067356,0.00262467837814806,0.067258835,True,True,True,0.00262467837814806
37.78706359863281,35.36113,0.05759165769383312,0.008377433,True,True,True,0.05759165769383312
41.06069564819336,37.275124,0.0866336713625715,0.054127097,True,True,True,0.0866336713625715
40.68656539916992,40.469715,-0.009111639321188636,0.085703015,False,True,False,0.009111639321188636
40.031837463378906,40.030956,-0.016091993250538006,-0.010841668,False,False,True,0.016091993250538006
42.370147705078125,39.45059,0.058411264380215044,-0.014497995,True,False,False,0.058411264380215044
40.78009796142578,41.797035,-0.03752759501147018,0.059478164,False,True,False,0.03752759501147018
41.43482208251953,40.195442,0.01605499137626043,-0.038318336,True,False,False,0.01605499137626043
40.125370025634766,40.88664,-0.03160269529520188,0.01719594,False,True,False,0.03160269529520188
40.59303283691406,39.627148,0.01165504046393906,-0.030804455,True,False,False,0.01165504046393906
39.93830490112305,40.07404,-0.016129071666594608,0.011277437,False,True,False,0.016129071666594608
38.62885284423828,39.419273,-0.03278687115356127,-0.016338885,False,False,True,0.03278687115356127
37.88059616088867,38.130764,-0.0193704091179403,-0.032687306,False,False,True,0.0193704091179403
39.470645904541016,37.39149,0.04197530938792493,-0.019387841,True,False,False,0.04197530938792493
38.44178771972656,38.878574,-0.02606641369139806,0.039770603,False,True,False,0.02606641369139806
37.319400787353516,37.865005,-0.029197053491794023,-0.026070118,False,False,True,0.029197053491794023
38.62885284423828,36.73869,0.0350877031586343,-0.029745579,True,False,False,0.0350877031586343
37.97412872314453,37.97797,-0.016949095634130495,0.033732295,False,True,False,0.016949095634130495
36.38407516479492,37.36598,-0.04187202213228136,-0.016114414,False,False,True,0.04187202213228136
35.63581848144531,35.800743,-0.020565499602793746,-0.04188931,False,False,True,0.020565499602793746
34.23283386230469,35.05462,-0.03937006862550729,-0.020841002,False,False,True,0.03937006862550729
32.92338180541992,33.71206,-0.03825134846129874,-0.038299084,False,False,True,0.03825134846129874
33.297508239746094,32.394024,0.01136354814755336,-0.039096832,True,False,False,0.01136354814755336
33.76517105102539,32.658573,0.014044979219227649,0.008166552,True,True,True,0.014044979219227649
34.13930130004883,33.142136,0.011080359950140783,0.014806628,True,True,True,0.011080359950140783
33.57810592651367,33.49292,-0.016438396574166347,0.010584235,False,True,False,0.016438396574166347
30.2109432220459,32.957233,-0.10027851814622524,-0.015994012,False,False,True,0.10027851814622524
29.462684631347656,29.782211,-0.02476779970749854,-0.09633762,False,False,True,0.02476779970749854
28.246763229370117,28.803328,-0.041269878057338505,-0.032868087,False,False,True,0.041269878057338505
29.836814880371094,27.722502,0.05629146384275585,-0.037524343,True,False,False,0.05629146384275585
30.11741065979004,29.065395,0.009404347633753085,0.048440576,True,True,True,0.009404347633753085
32.08158874511719,29.559875,0.06521736239262887,0.017012715,True,True,True,0.06521736239262887
31.707460403442383,31.335695,-0.011661777246980809,0.060075402,False,True,False,0.011661777246980809
31.800992965698242,31.13222,0.0029498597827060102,-0.006493449,True,False,False,0.0029498597827060102
34.794029235839844,31.123062,0.09411769856903529,-0.00029414892,True,False,False,0.09411769856903529
34.8875617980957,33.978893,0.002688178526892626,0.091759324,True,True,True,0.002688178526892626
35.63581848144531,34.297115,0.021447663430307573,0.00936532,True,True,True,0.021447663430307573
36.38407516479492,34.950558,0.020997319978470763,0.019052386,True,True,True,0.020997319978470763
35.355220794677734,35.738537,-0.02827760127080825,0.022545576,False,True,False,0.02827760127080825
34.700496673583984,34.813187,-0.018518456578053955,-0.025892198,False,False,True,0.018518456578053955
34.606964111328125,34.175022,-0.0026954243086400043,-0.01833111,False,False,True,0.0026954243086400043
33.57810592651367,34.10222,-0.02972980182557161,-0.0021303296,False,False,True,0.02972980182557161
29.08855438232422,33.143425,-0.1337047287305282,-0.028115273,False,False,True,0.1337047287305282
30.2109432220459,28.905933,0.03858523957463156,-0.12785316,True,False,False,0.03858523957463156
31.23979949951172,29.50514,0.03405574827319624,0.020729542,True,True,True,0.03405574827319624
31.613927841186523,30.719688,0.011976016097051234,0.04116392,True,True,True,0.011976016097051234
31.333330154418945,31.136187,-0.008875761600303789,0.01355803,False,True,False,0.008875761600303789
32.17512130737305,30.813759,0.026865677819929434,-0.010355413,True,False,False,0.026865677819929434
30.95920181274414,31.526245,-0.037790673204090575,0.02312231,False,True,False,0.037790673204090575
30.95920181274414,30.477142,0.0,-0.033277154,False,False,True,0.0
30.11741065979004,30.343712,-0.0271903377240037,-0.0043780804,False,False,True,0.0271903377240037
30.678604125976562,29.610422,0.01863352306497501,-0.024166107,True,False,False,0.01863352306497501
31.520395278930664,30.056025,0.027439030455799873,0.0150488615,True,True,True,0.027439030455799873
31.333330154418945,30.926903,-0.0059347328247739695,0.02897513,False,True,False,0.0059347328247739695
35.355220794677734,30.816076,0.12835822494569982,-0.0035834908,True,False,False,0.12835822494569982
36.29054641723633,34.54772,0.02645509210621011,0.12109411,True,True,True,0.02645509210621011
36.10348129272461,35.700333,-0.0051546516373991436,0.033362865,False,True,False,0.0051546516373991436
34.9810905456543,35.446335,-0.031088158451259673,-0.0071147084,False,False,True,0.031088158451259673
34.23283386230469,34.409065,-0.021390318931682528,-0.02926308,False,False,True,0.021390318931682528
33.11044692993164,33.718952,-0.03278685419055993,-0.020056129,False,False,True,0.03278685419055993
30.398008346557617,32.671432,-0.08192092934034045,-0.03106618,False,False,True,0.08192092934034045
30.86566925048828,30.088875,0.015384590286278588,-0.07904637,True,False,False,0.015384590286278588
31.707460403442383,30.293459,0.027272732890468054,0.0067993402,True,True,True,0.027272732890468054
30.678604125976562,31.197203,-0.03244839745519701,0.02983296,False,True,False,0.03244839745519701
29.08855438232422,30.293818,-0.051829272841850016,-0.028957248,False,False,True,0.051829272841850016
29.93034553527832,28.664377,0.028938913288369505,-0.053787887,True,False,False,0.028938913288369505
31.23979949951172,29.261782,0.0437500450066628,0.02084136,True,True,True,0.0437500450066628
30.304475784301758,30.625937,-0.029940131825256455,0.04661894,False,True,False,0.029940131825256455
31.23979949951172,29.863638,0.030864210351873922,-0.024890602,True,False,False,0.030864210351873922
33.39104461669922,30.562132,0.06886232151461558,0.023389459,True,True,True,0.06886232151461558
35.63581848144531,32.692738,0.06722682355446463,0.06971395,True,True,True,0.06722682355446463
36.19701385498047,34.96955,0.01574807026888858,0.06964278,True,True,True,0.01574807026888858
38.72238540649414,35.545685,0.06976740019580907,0.01647532,True,True,True,0.06976740019580907
40.125370025634766,37.963207,0.036231874777666206,0.06801164,True,True,True,0.036231874777666206
40.68656539916992,39.39686,0.013986048556726693,0.03776419,True,True,True,0.013986048556726693
40.312435150146484,39.95084,-0.009195424714593115,0.01406157,False,True,False,0.009195424714593115
40.9671630859375,39.65676,0.01624133926299498,-0.007360995,True,False,False,0.01624133926299498
31.613927841186523,40.366035,-0.2283105428884724,0.017885327,False,True,False,0.2283105428884724
31.426864624023438,31.50672,-0.005917114067660378,-0.2194745,False,False,True,0.005917114067660378
33.11044692993164,30.906456,0.05357143724166602,-0.01905191,True,False,False,0.05357143724166602
34.04576873779297,32.617325,0.02824854070501237,0.055356383,True,True,True,0.02824854070501237
35.54228591918945,33.614296,0.04395604026221478,0.030565739,True,True,True,0.04395604026221478
34.23283386230469,34.952938,-0.03684208888145224,0.03982365,False,True,False,0.03684208888145224
33.95223617553711,33.709366,-0.008196741406108266,-0.03557849,False,False,True,0.008196741406108266
35.168155670166016,33.32593,0.035812648343468645,-0.011374712,True,False,False,0.035812648343468645
35.72935104370117,34.498344,0.015957486619385897,0.03518021,True,True,True,0.015957486619385897
35.448753356933594,35.109344,-0.007853422426407186,0.017711043,False,True,False,0.007853422426407186
34.8875617980957,34.833073,-0.015831066136155814,-0.007868886,False,False,True,0.015831066136155814
35.54228591918945,34.288513,0.018766691833692173,-0.015633404,True,False,False,0.018766691833692173
37.97412872314453,34.9081,0.06842111420419683,0.018069863,True,True,True,0.06842111420419683
37.97412872314453,37.283497,0.0,0.068047166,False,True,False,0.0
36.38407516479492,37.32735,-0.04187202213228136,0.0011762381,False,True,False,0.04187202213228136
37.319400787353516,35.781696,0.025707005560048124,-0.041408062,True,False,False,0.025707005560048124
36.29054641723633,36.683002,-0.027568887720883173,0.025189042,False,True,False,0.027568887720883173
37.1323356628418,35.771523,0.023195827252842305,-0.024847448,True,False,False,0.023195827252842305
37.03880310058594,36.522064,-0.0025188978981857124,0.02098155,False,True,False,0.0025188978981857124
35.168155670166016,36.47483,-0.050505072351820335,-0.0012933016,False,False,True,0.050505072351820335
35.63581848144531,34.669926,0.013297905516155062,-0.049483597,True,False,False,0.013297905516155062
35.074623107910156,35.04204,-0.01574807026888847,0.010733128,False,True,False,0.01574807026888847
34.700496673583984,34.563866,-0.010666584589523298,-0.013645768,False,False,True,0.010666584589523298
34.8875617980957,34.15087,0.0053908486172800085,-0.011948705,True,False,False,0.0053908486172800085
34.419898986816406,34.30405,-0.013404857983077001,0.0044853687,False,True,False,0.013404857983077001
35.168155670166016,33.86868,0.021739072611346444,-0.012691557,True,False,False,0.021739072611346444
33.39104461669922,34.53266,-0.0505318240209669,0.019604564,False,True,False,0.0505318240209669
33.48457336425781,32.901318,0.0028010129252387106,-0.047240615,True,False,False,0.0028010129252387106
31.800992965698242,32.856174,-0.05027928473942156,-0.0013720989,False,False,True,0.05027928473942156
31.613927841186523,31.334723,-0.005882367406372935,-0.04630643,False,False,True,0.005882367406372935
31.333330154418945,31.016748,-0.008875761600303789,-0.010147631,False,False,True,0.008875761600303789
32.268653869628906,30.77924,0.029850759896903334,-0.0076574087,True,False,False,0.029850759896903334
31.520395278930664,31.624355,-0.023188404255143125,0.027457356,False,True,False,0.023188404255143125
32.17512130737305,31.006586,0.02077150437513775,-0.019534588,True,False,False,0.02077150437513775
31.520395278930664,31.507881,-0.020348828592989587,0.016167402,False,True,False,0.020348828592989587
31.8945255279541,30.97578,0.011869465649547939,-0.016887844,True,False,False,0.011869465649547939
29.462684631347656,31.25334,-0.07624634185183432,0.008960485,False,True,False,0.07624634185183432
29.743282318115234,29.066423,0.009523832952718303,-0.06997383,True,False,False,0.009523832952718303
28.527360916137695,29.069197,-0.04088053863634877,9.536743e-05,False,True,False,0.04088053863634877
28.620893478393555,28.078407,0.003278696635514944,-0.034083843,True,False,False,0.003278696635514944
27.872634887695312,28.027693,-0.026143788671835755,-0.0018061996,False,False,True,0.026143788671835755
28.246763229370117,27.394846,0.013422783428342688,-0.022579312,True,False,False,0.013422783428342688
27.592037200927734,27.635443,-0.023178798332603945,0.008782506,False,True,False,0.023178798332603945
27.685569763183594,27.11146,0.0033898389442847954,-0.018960536,True,False,False,0.0033898389442847954
27.685569763183594,27.09523,0.0,-0.00059860945,False,False,True,0.0
27.498506546020508,27.124086,-0.0067567046213310444,0.0010650158,False,True,False,0.0067567046213310444
27.12437629699707,26.961185,-0.013605475206346473,-0.006005764,False,False,True,0.013605475206346473
28.246763229370117,26.599155,0.041379271548349195,-0.013427794,True,False,False,0.041379271548349195
28.15323257446289,27.57236,-0.003311199026512779,0.036587715,False,True,False,0.003311199026512779
28.714426040649414,27.663765,0.019933535685545678,0.0033150911,True,True,True,0.019933535685545678
28.901491165161133,28.1272,0.006514673991633968,0.016752362,True,True,True,0.006514673991633968
29.649749755859375,28.36264,0.025889964861059545,0.008370638,True,True,True,0.025889964861059545
29.649749755859375,29.063553,0.0,0.024712563,False,True,False,0.0
31.333330154418945,29.1502,0.056782280202107405,0.0029813051,True,True,True,0.056782280202107405
32.08158874511719,30.694796,0.023880595742955757,0.052987456,True,True,True,0.023880595742955757
31.14626693725586,31.567957,-0.029154472843982315,0.028446555,False,True,False,0.029154472843982315
29.556217193603516,30.708551,-0.051051053625639886,-0.027224004,False,False,True,0.051051053625639886
28.620893478393555,29.140875,-0.03164558269020912,-0.051050186,False,False,True,0.03164558269020912
28.15323257446289,28.16978,-0.0163398429292122,-0.033324122,False,False,True,0.0163398429292122
27.966167449951172,27.708237,-0.006644534478125963,-0.016384363,False,False,True,0.006644534478125963
27.779102325439453,27.528004,-0.006688979633927117,-0.006504655,False,False,True,0.006688979633927117
26.656715393066406,27.34777,-0.04040400295243485,-0.006547272,False,False,True,0.04040400295243485
26.93731117248535,26.303333,0.010526269845381186,-0.03819096,True,False,False,0.010526269845381186
26.563182830810547,26.38269,-0.013888852501988125,0.0030169487,False,True,False,0.013888852501988125
25.908456802368164,26.118605,-0.024647875693682653,-0.010009825,False,False,True,0.024647875693682653
27.779102325439453,25.474112,0.07220212061801767,-0.024675608,True,False,False,0.07220212061801767
26.376117706298828,27.048193,-0.050505038021182,0.06179142,False,True,False,0.050505038021182
28.05970001220703,26.082037,0.06382979954271861,-0.035719812,True,False,False,0.06382979954271861
28.527360916137695,27.326412,0.016666639476801803,0.04771006,True,True,True,0.016666639476801803
28.433828353881836,28.01076,-0.003278696635514833,0.025043488,False,True,False,0.003278696635514833
28.620893478393555,27.94275,0.006578963697168927,-0.0024279356,True,False,False,0.006578963697168927
28.246763229370117,28.069485,-0.013071927656831406,0.0045354366,False,True,False,0.013071927656831406
27.31144142150879,27.766426,-0.03311253046114715,-0.010796726,False,False,True,0.03311253046114715
27.404972076416016,26.88608,0.0034245960681360543,-0.03170544,True,False,False,0.0034245960681360543
27.404972076416016,26.873198,0.0,-0.00047916174,False,False,True,0.0
27.31144142150879,26.937588,-0.003412908236010037,0.0023961067,False,True,False,0.003412908236010037
25.814924240112305,26.865206,-0.0547945148079193,-0.002687037,False,False,True,0.0547945148079193
26.750246047973633,25.50382,0.03623182462832819,-0.050674677,True,False,False,0.03623182462832819
26.00198745727539,26.11388,-0.0279720264761798,0.023920298,False,True,False,0.0279720264761798
25.16019630432129,25.643267,-0.03237410810759267,-0.018021584,False,False,True,0.03237410810759267
24.22487449645996,24.768368,-0.037174662572115325,-0.034118056,False,False,True,0.037174662572115325
23.47661590576172,23.816519,-0.03088802754406783,-0.038430035,False,False,True,0.03088802754406783
23.850744247436523,23.046661,0.01593621257751132,-0.032324493,True,False,False,0.01593621257751132
24.505470275878906,23.289484,0.027450968475029924,0.010536075,True,True,True,0.027450968475029924
24.505470275878906,23.97429,0.0,0.029404163,False,True,False,0.0
24.1313419342041,24.078737,-0.015267135764501671,0.0043566227,False,True,False,0.015267135764501671
23.19601821899414,23.697056,-0.03875970585308475,-0.015851378,False,False,True,0.03875970585308475
24.1313419342041,22.793024,0.040322597886393696,-0.038149536,True,False,False,0.040322597886393696
23.570148468017578,23.456348,-0.023255791895728795,0.029102087,False,True,False,0.023255791895728795
23.570148468017578,23.192408,0.0,-0.011252403,False,False,True,0.0
21.980098724365234,23.088709,-0.0674603193870369,-0.0044712424,False,False,True,0.0674603193870369
20.951242446899414,21.721174,-0.046808537594297484,-0.059229612,False,False,True,0.046808537594297484
20.109451293945312,20.567278,-0.040178579150501825,-0.053123116,False,False,True,0.040178579150501825
19.64179039001465,19.721586,-0.023255776455296417,-0.041118324,False,False,True,0.023255776455296417
19.080596923828125,19.244184,-0.02857140082666898,-0.024207056,False,False,True,0.02857140082666898
19.17412757873535,18.7479,0.004901872581901445,-0.025788784,True,False,False,0.004901872581901445
19.828853607177734,18.734777,0.03414632690607999,-0.00069993734,True,False,False,0.03414632690607999
18.799999237060547,19.310884,-0.05188672983821707,0.030750632,False,True,False,0.05188672983821707
17.209949493408203,18.602728,-0.08457711745635976,-0.03667134,False,False,True,0.08457711745635976
17.677610397338867,17.052834,0.027173868471246143,-0.08331543,True,False,False,0.027173868471246143
16.929351806640625,17.055496,-0.04232803947364305,0.00015616417,False,True,False,0.04232803947364305
16.648754119873047,16.642843,-0.016574626717693497,-0.024194717,False,False,True,0.016574626717693497
17.397014617919922,16.30929,0.0449439335015287,-0.020041823,True,False,False,0.0449439335015287
18.612934112548828,16.849669,0.06989242242611216,0.03313315,True,True,True,0.06989242242611216
17.864675521850586,18.033358,-0.04020100142049965,0.070250034,False,True,False,0.04020100142049965
17.022884368896484,17.689259,-0.04712042779195691,-0.019081235,False,False,True,0.04712042779195691
16.742286682128906,16.768871,-0.016483557115636316,-0.05203086,False,False,True,0.016483557115636316
15.806963920593262,16.318245,-0.05586589092002758,-0.026872814,False,False,True,0.05586589092002758
16.181093215942383,15.56992,0.023668637268267956,-0.045858204,True,False,False,0.023668637268267956
15.05870532989502,15.710599,-0.06936415673951701,0.009035349,False,True,False,0.06936415673951701
14.403979301452637,14.981958,-0.04347824159508584,-0.04637891,False,False,True,0.04347824159508584
14.123381614685059,14.235143,-0.019480567202653454,-0.049847662,False,False,True,0.019480567202653454
13.188058853149414,13.861349,-0.06622512844679662,-0.026258528,False,False,True,0.06622512844679662
13.468655586242676,13.1232195,0.021276575743082393,-0.05325091,True,False,False,0.021276575743082393
13.749253273010254,13.123464,0.020833384963395263,1.859665e-05,True,True,True,0.020833384963395263
13.655719757080078,13.424722,-0.006802806965072183,0.022955656,False,True,False,0.006802806965072183
12.813928604125977,13.4473,-0.06164385092317515,0.0016818047,False,True,False,0.06164385092317515
12.439800262451172,12.76443,-0.029197005323905012,-0.05078119,False,False,True,0.029197005323905012
12.439800262451172,12.232431,0.0,-0.04167819,False,False,True,0.0
13.936317443847656,12.131143,0.12030074035140559,-0.008280337,True,False,False,0.12030074035140559
13.375123023986816,13.297128,-0.040268487146766674,0.09611499,False,True,False,0.040268487146766674
16.55522346496582,13.303333,0.23776233200067343,0.00046670437,True,True,True,0.23776233200067343
16.648754119873047,15.608101,0.0056496159719714445,0.17324734,True,True,True,0.0056496159719714445
15.99402904510498,16.427855,-0.0393257699677686,0.05252099,False,True,False,0.0393257699677686
16.835819244384766,15.850312,0.052631528735245015,-0.03515631,True,False,False,0.052631528735245015
16.181093215942383,16.257845,-0.03888887252461759,0.025711298,False,True,False,0.03888887252461759
16.3681583404541,15.95562,0.011560722258704637,-0.018589497,True,False,False,0.011560722258704637
20.48358154296875,16.009104,0.2514286040564093,0.003352046,True,True,True,0.2514286040564093
20.764177322387695,19.479996,0.013698570185606274,0.21680737,True,True,True,0.013698570185606274
21.32537269592285,20.692053,0.027027094058288625,0.062220573,True,True,True,0.027027094058288625
19.922386169433594,21.058247,-0.06578954311816043,0.017697334,False,True,False,0.06578954311816043
19.45472526550293,19.812727,-0.02347414109702306,-0.059146404,False,False,True,0.02347414109702306
20.29651641845703,19.11489,0.04326923878214628,-0.035221696,True,False,False,0.04326923878214628
18.612934112548828,19.802319,-0.08294932347982653,0.03596306,False,True,False,0.08294932347982653
18.33233642578125,18.678402,-0.01507541396057488,-0.056756794,False,False,True,0.01507541396057488
17.864675521850586,18.099321,-0.02551016373848458,-0.0310027,False,False,True,0.02551016373848458
17.584077835083008,17.672186,-0.015706844852814372,-0.023599505,False,False,True,0.015706844852814372
18.893531799316406,17.385147,0.07446816242025678,-0.016242385,True,False,False,0.07446816242025678
20.29651641845703,18.405226,0.07425740375292822,0.05867529,True,True,True,0.07425740375292822
18.706466674804688,19.871628,-0.07834101728937093,0.07967317,False,True,False,0.07834101728937093
20.015918731689453,18.783245,0.06999996737216208,-0.054770708,True,False,False,0.06999996737216208
20.29651641845703,19.402485,0.014018726321232133,0.032967687,True,True,True,0.014018726321232133
21.138307571411133,19.903818,0.04147466173991332,0.025838614,True,True,True,0.04147466173991332
19.922386169433594,20.687119,-0.057522173800802934,0.039354324,False,True,False,0.057522173800802934
20.857709884643555,19.800024,0.0469483779330111,-0.04288149,True,False,False,0.0469483779330111
21.32537269592285,20.297625,0.02242158002320349,0.025131345,True,True,True,0.02242158002320349
23.663679122924805,20.915787,0.10964902983613545,0.030454874,True,True,True,0.10964902983613545
22.728357315063477,23.048903,-0.03952562925666159,0.10198593,False,True,False,0.03952562925666159
20.670644760131836,22.628159,-0.09053503191662116,-0.0182544,False,False,True,0.09053503191662116
20.390047073364258,20.581022,-0.013574694453110436,-0.090468526,False,False,True,0.013574694453110436
20.202983856201172,19.926994,-0.009174241554716578,-0.031778216,False,False,True,0.009174241554716578
19.64179039001465,19.822815,-0.02777775155298501,-0.0052280426,False,False,True,0.02777775155298501
19.54825782775879,19.418673,-0.004761916322221227,-0.020387769,False,False,True,0.004761916322221227
19.828853607177734,19.248604,0.01435400442797996,-0.0087580085,True,False,False,0.01435400442797996
19.735322952270508,19.464859,-0.004716896738466536,0.0112348795,False,True,False,0.004716896738466536
21.044775009155273,19.443674,0.06635067792159521,-0.0010883808,True,False,False,0.06635067792159521
20.202983856201172,20.4939,-0.04000000725063069,0.05401373,False,True,False,0.04000000725063069
19.17412757873535,20.031437,-0.050925956521517435,-0.022565901,False,False,True,0.050925956521517435
18.706466674804688,18.944033,-0.024390205082880145,-0.05428487,False,False,True,0.024390205082880145
18.051740646362305,18.322447,-0.03499998368608104,-0.0328117,False,False,True,0.03499998368608104
18.42586898803711,17.745611,0.02072533330741133,-0.031482458,True,False,False,0.02072533330741133
19.54825782775879,17.970207,0.06091375340019978,0.01265645,True,True,True,0.06091375340019978
20.015918731689453,19.025528,0.023923405760823302,0.058726072,True,True,True,0.023923405760823302
20.390047073364258,19.668325,0.018691539803390667,0.03378606,True,True,True,0.018691539803390667
20.390047073364258,20.010864,0.0,0.017415762,False,True,False,0.0
21.138307571411133,20.01155,0.036697340391348865,3.4332275e-05,True,True,True,0.036697340391348865
21.32537269592285,20.608688,0.008849579081946946,0.029839635,True,True,True,0.008849579081946946
20.390047073364258,20.924059,-0.04385975503900186,0.015302777,False,True,False,0.04385975503900186
20.109451293945312,20.161123,-0.013761409103635214,-0.03646213,False,False,True,0.013761409103635214
18.706466674804688,19.725052,-0.06976742421425719,-0.021629333,False,False,True,0.06976742421425719
18.987062454223633,18.543467,0.01499993474432415,-0.059902787,True,False,False,0.01499993474432415
18.238805770874023,18.525883,-0.0394087650553423,-0.0009482503,False,False,True,0.0394087650553423
18.14527130126953,18.043657,-0.005128322039256505,-0.026029825,False,False,True,0.005128322039256505
17.958208084106445,17.839119,-0.010309199243000444,-0.011335731,False,False,True,0.010309199243000444
19.36119270324707,17.671562,0.07812497842601052,-0.009392679,True,False,False,0.07812497842601052
19.45472526550293,18.781868,0.0048309297722228806,0.06283009,True,True,True,0.0048309297722228806
19.36119270324707,19.169376,-0.00480770409139164,0.020632029,False,True,False,0.00480770409139164
18.51940155029297,19.051783,-0.043478269436000416,-0.0061344504,False,False,True,0.043478269436000416
19.64179039001465,18.27121,0.06060610742056749,-0.0409711,True,False,False,0.06060610742056749
20.600000381469727,19.002401,0.04878424891155575,0.040018797,True,True,True,0.04878424891155575
19.700000762939453,20.100515,-0.04368930106136537,0.057788134,False,True,False,0.04368930106136537
19.5,19.5547,-0.01015232259867238,-0.027154267,False,False,True,0.01015232259867238
20.5,19.136633,0.05128205128205132,-0.021379411,True,False,False,0.05128205128205132
20.799999237060547,19.924524,0.014634109124904704,0.04117191,True,True,True,0.014634109124904704
20.700000762939453,20.437403,-0.004807619124471918,0.0257411,False,True,False,0.004807619124471918
20.799999237060547,20.403276,0.004830843982388977,-0.0016698241,True,False,False,0.004830843982388977
20.200000762939453,20.425293,-0.028846081544659063,0.0010790825,False,True,False,0.028846081544659063
20.600000381469727,19.93046,0.01980196056547401,-0.024226487,True,False,False,0.01980196056547401
20.399999618530273,20.150711,-0.00970877472018683,0.01105094,False,True,False,0.00970877472018683
20.899999618530273,20.093918,0.0245098043798897,-0.0028184056,True,False,False,0.0245098043798897
20.200000762939453,20.483843,-0.03349276882140184,0.019405127,False,True,False,0.03349276882140184
19.600000381469727,19.99164,-0.0297029880598092,-0.024028838,False,False,True,0.0297029880598092
21.100000381469727,19.32743,0.07653061075540246,-0.033224344,True,False,False,0.07653061075540246
21.5,20.46336,0.018957327549697922,0.05877292,True,True,True,0.018957327549697922
21.100000381469727,21.160145,-0.01860463342001273,0.034050345,False,True,False,0.01860463342001273
22.0,20.861559,0.04265400958573751,-0.014110744,True,False,False,0.04265400958573751
21.700000762939453,21.47738,-0.013636328957297605,0.029519439,False,True,False,0.013636328957297605
21.299999237060547,21.388735,-0.018433249392417195,-0.004127383,False,False,True,0.018433249392417195
22.200000762939453,20.975037,0.04225359427773889,-0.019341886,True,False,False,0.04225359427773889
21.299999237060547,21.662724,-0.040540607880580004,0.03278601,False,True,False,0.040540607880580004
21.200000762939453,21.09828,-0.004694764211404467,-0.026055992,False,False,True,0.004694764211404467
20.600000381469727,20.824324,-0.028301903767787184,-0.012984753,False,False,True,0.028301903767787184
20.399999618530273,20.306253,-0.00970877472018683,-0.024878144,False,False,True,0.00970877472018683
20.5,20.044098,0.00490197957547478,-0.012910068,True,False,False,0.00490197957547478
20.0,20.115316,-0.024390243902439046,0.0035530329,False,True,False,0.024390243902439046
20.200000762939453,19.73842,0.0100000381469727,-0.01873678,True,False,False,0.0100000381469727
20.299999237060547,19.795218,0.0049504193239715555,0.0028774738,True,True,True,0.0049504193239715555
20.100000381469727,19.922337,-0.009852160744208027,0.006421685,False,True,False,0.009852160744208027
19.600000381469727,19.77393,-0.024875621418442906,-0.0074492693,False,False,True,0.024875621418442906
21.0,19.299294,0.07142855057563491,-0.024003148,True,False,False,0.07142855057563491
19.700000762939453,20.360476,-0.0619047255743117,0.054985523,False,True,False,0.0619047255743117
20.5,19.586267,0.040609096755241936,-0.03802502,True,False,False,0.040609096755241936
19.899999618530273,19.951979,-0.029268311291206217,0.01867187,False,True,False,0.029268311291206217
19.200000762939453,19.617567,-0.035175822563283,-0.016760826,False,False,True,0.035175822563283
19.100000381469727,18.921734,-0.0052083529945868845,-0.03546989,False,False,True,0.0052083529945868845
17.799999237060547,18.695568,-0.06806288578247377,-0.011952698,False,False,True,0.06806288578247377
18.200000762939453,17.654213,0.022471996799083183,-0.05570066,True,False,False,0.022471996799083183
18.0,17.71995,-0.010989052448102776,0.0037236214,False,True,False,0.010989052448102776
17.799999237060547,17.693007,-0.011111153496636272,-0.0015205145,False,False,True,0.011111153496636272
17.399999618530273,17.514036,-0.02247188964466096,-0.010115325,False,False,True,0.02247188964466096
16.899999618530273,17.131245,-0.028735632813895018,-0.021856248,False,False,True,0.028735632813895018
17.700000762939453,16.630066,0.04733734689153524,-0.029255271,True,False,False,0.04733734689153524
17.100000381469727,17.161633,-0.03389832517555691,0.031964183,False,True,False,0.03389832517555691
17.799999237060547,16.893879,0.040935604676908044,-0.015601873,True,False,False,0.040935604676908044
18.200000762939453,17.313305,0.022471996799083183,0.024827123,True,True,True,0.022471996799083183
17.700000762939453,17.784697,-0.027472526320886037,0.027227163,False,True,False,0.027472526320886037
17.299999237060547,17.461786,-0.022598955290241363,-0.018156648,False,False,True,0.022598955290241363
16.600000381469727,16.993364,-0.04046236337925746,-0.026825547,False,False,True,0.04046236337925746
15.300000190734863,16.340538,-0.07831326270245331,-0.038416564,False,False,True,0.07831326270245331
15.199999809265137,15.192124,-0.006535972563600612,-0.070280015,False,False,True,0.006535972563600612
15.199999809265137,14.848713,0.0,-0.022604585,False,False,True,0.0
15.0,14.889009,-0.013157882353605488,0.0027137995,False,True,False,0.013157882353605488
15.399999618530273,14.79446,0.026666641235351562,-0.006350279,True,False,False,0.026666641235351562
15.300000190734863,15.057063,-0.006493469498212501,0.017750025,False,True,False,0.006493469498212501
14.399999618530273,15.05752,-0.058823566077443434,3.027916e-05,False,True,False,0.058823566077443434
14.300000190734863,14.3128,-0.006944404891978451,-0.049458325,False,False,True,0.006944404891978451
13.899999618530273,13.983929,-0.02797206761324067,-0.022977471,False,False,True,0.02797206761324067
14.300000190734863,13.663956,0.028777020372816597,-0.022881508,True,False,False,0.028777020372816597
14.5,13.910973,0.013986000461365,0.01807797,True,True,True,0.013986000461365
13.600000381469727,14.193428,-0.062068939208984375,0.02030456,False,True,False,0.062068939208984375
14.600000381469727,13.564362,0.0735294097022614,-0.04432094,True,False,False,0.0735294097022614
15.699999809265137,14.071883,0.07534242459277785,0.037415862,True,True,True,0.07534242459277785
15.699999809265137,15.181028,0.0,0.07881999,False,True,False,0.0
16.100000381469727,15.477743,0.02547774376204348,0.019545078,True,True,True,0.02547774376204348
16.5,15.739304,0.02484469621445795,0.016899109,True,True,True,0.02484469621445795
16.700000762939453,16.099924,0.012121258359966802,0.022912145,True,True,True,0.012121258359966802
15.399999618530273,16.34996,-0.07784437634842123,0.015530229,False,True,False,0.07784437634842123
15.800000190734863,15.366239,0.02597406377356548,-0.060166597,True,False,False,0.02597406377356548
15.800000190734863,15.369568,0.0,0.00021660328,False,True,False,0.0
16.100000381469727,15.508173,0.018987353614766667,0.009018183,True,True,True,0.018987353614766667
15.899999618530273,15.807556,-0.012422407341657227,0.019304872,False,True,False,0.012422407341657227
15.899999618530273,15.726479,0.0,-0.0051290393,False,False,True,0.0
15.699999809265137,15.658043,-0.01257860465808136,-0.004351616,False,False,True,0.01257860465808136
15.5,15.481845,-0.012738841509227883,-0.01125288,False,False,True,0.012738841509227883
14.699999809265137,15.275862,-0.051612915531281556,-0.01330483,False,False,True,0.051612915531281556
14.199999809265137,14.609318,-0.03401360588350888,-0.04363382,False,False,True,0.03401360588350888
13.199999809265137,14.03697,-0.07042253615718541,-0.03917688,False,False,True,0.07042253615718541
13.149999618530273,13.173901,-0.0037878932922231767,-0.06148547,False,False,True,0.0037878932922231767
12.289999961853027,12.916523,-0.06539921533270465,-0.019536912,False,False,True,0.06539921533270465
